I,Observation.valueQuantity.code,Observation.valueQuantity.unit
http://unitsofmeasure.org,10.L/min,10 liter per minute
http://unitsofmeasure.org,10.L/(min.m2),10 liter per minute per square meter
http://unitsofmeasure.org,10.uN.s/(cm5.m2),10 micronewton second per centimeter to the fifth power per square meter
http://unitsofmeasure.org,10*4/uL,10 thousand per microliter
http://unitsofmeasure.org,10*8,100 million
http://unitsofmeasure.org,24.h,24 hour
http://unitsofmeasure.org,{absorbance},absorbance
http://unitsofmeasure.org,{activity},activity
http://unitsofmeasure.org,[AU],allergy unit
http://unitsofmeasure.org,{AHF'U},American Hospital Formulary unit
http://unitsofmeasure.org,A,ampere
http://unitsofmeasure.org,A/m,ampere per meter
http://unitsofmeasure.org,[arb'U],arbitrary unit
http://unitsofmeasure.org,[arb'U]/mL,arbitrary unit per milliliter
http://unitsofmeasure.org,{ARU},aspirin response unit
http://unitsofmeasure.org,atm,atmosphere
http://unitsofmeasure.org,ag/{cell},attogram per cell
http://unitsofmeasure.org,bar,bar
http://unitsofmeasure.org,Bq,Becquerel
http://unitsofmeasure.org,[beth'U],Bethesda unit
http://unitsofmeasure.org,10*9/L,billion per liter
http://unitsofmeasure.org,10*9/uL,billion per microliter
http://unitsofmeasure.org,10*9/mL,billion per milliliter
http://unitsofmeasure.org,{binding_index},binding index
http://unitsofmeasure.org,[bdsk'U],Bodansky unit
http://unitsofmeasure.org,{breaths}/min,breaths per minute
http://unitsofmeasure.org,{CAG_repeats},CAG trinucleotide repeats
http://unitsofmeasure.org,cal,calorie
http://unitsofmeasure.org,{cells},cells
http://unitsofmeasure.org,{cells}/[HPF],cells per high power field
http://unitsofmeasure.org,{cells}/uL,cells per microliter
http://unitsofmeasure.org,cg,centigram
http://unitsofmeasure.org,cL,centiliter
http://unitsofmeasure.org,cm,centimeter
http://unitsofmeasure.org,cm[Hg],centimeter of mercury
http://unitsofmeasure.org,cm[H2O],centimeter of water
http://unitsofmeasure.org,cm[H2O]/L/s,centimeter of water per liter per second
http://unitsofmeasure.org,cm[H2O]/s/m,centimeter of water per second per meter
http://unitsofmeasure.org,cm/s,centimeter per second
http://unitsofmeasure.org,cP,centipoise
http://unitsofmeasure.org,cSt,centistoke
http://unitsofmeasure.org,{delta_OD},change in (delta) optical density
http://unitsofmeasure.org,{clock_time},clock time e.g 12:30PM
http://unitsofmeasure.org,[CFU],colony forming unit
http://unitsofmeasure.org,[CFU]/L,colony forming unit per liter
http://unitsofmeasure.org,[CFU]/mL,colony forming unit per milliliter
http://unitsofmeasure.org,{CAE'U},complement activity enzyme unit
http://unitsofmeasure.org,{CH100'U},complement CH100 unit
http://unitsofmeasure.org,{copies},copies
http://unitsofmeasure.org,{copies}/ug,copies per microgram
http://unitsofmeasure.org,{copies}/mL,copies per milliliter
http://unitsofmeasure.org,{count},count
http://unitsofmeasure.org,{CPM},counts per minute
http://unitsofmeasure.org,{CPM}/10*3{cell},counts per minute per thousand cells
http://unitsofmeasure.org,cm3,cubic centimeter
http://unitsofmeasure.org,[cin_i],cubic inch (international)
http://unitsofmeasure.org,m3/s,cubic meter per second
http://unitsofmeasure.org,{Ct_value},Cycle threshold value
http://unitsofmeasure.org,d,day
http://unitsofmeasure.org,d/(7.d),day per 7 day
http://unitsofmeasure.org,d/wk,days per week
http://unitsofmeasure.org,dB,decibel
http://unitsofmeasure.org,dg,decigram
http://unitsofmeasure.org,dL,deciliter
http://unitsofmeasure.org,dm,decimeter
http://unitsofmeasure.org,deg,degree (plane angle)
http://unitsofmeasure.org,Cel,degree Celsius
http://unitsofmeasure.org,[degF],degree Fahrenheit
http://unitsofmeasure.org,K,degree Kelvin
http://unitsofmeasure.org,K/W,degree Kelvin per Watt
http://unitsofmeasure.org,deg/s,degree per second
http://unitsofmeasure.org,daL/min,dekaliter per minute
http://unitsofmeasure.org,daL/min/m2,dekaliter per minute per square meter
http://unitsofmeasure.org,{dilution},dilution
http://unitsofmeasure.org,[diop],diopter
http://unitsofmeasure.org,[dr_av],dram  (US and British)
http://unitsofmeasure.org,[drp],drop (1/12 milliliter)
http://unitsofmeasure.org,dyn.s/cm,dyne second per centimeter
http://unitsofmeasure.org,dyn.s/(cm.m2),dyne second per centimeter per square meter
http://unitsofmeasure.org,{Ehrlich'U},Ehrlich unit
http://unitsofmeasure.org,{Ehrlich'U}/100.g,Ehrlich unit per 100 gram
http://unitsofmeasure.org,{Ehrlich'U}/(2.h),Ehrlich unit per 2 hour
http://unitsofmeasure.org,{Ehrlich'U}/d,Ehrlich unit per day
http://unitsofmeasure.org,{Ehrlich'U}/dL,Ehrlich unit per deciliter
http://unitsofmeasure.org,{EIA_index},EIA index
http://unitsofmeasure.org,{EIA_titer},EIA titer
http://unitsofmeasure.org,{EIA'U},EIA unit
http://unitsofmeasure.org,{EIA'U}/U,EIA unit per enzyme unit
http://unitsofmeasure.org,{EV},EIA value
http://unitsofmeasure.org,eV,electron Volt
http://unitsofmeasure.org,{ELISA'U},ELISA unit
http://unitsofmeasure.org,U,enzyme unit
http://unitsofmeasure.org,U/10,enzyme unit per 10
http://unitsofmeasure.org,U/10*10,enzyme unit per 10 billion
http://unitsofmeasure.org,U/10*10{cells},enzyme unit per 10 billion cells
http://unitsofmeasure.org,U/(10.g){feces},enzyme unit per 10 gram of feces
http://unitsofmeasure.org,U/(12.h),enzyme unit per 12 hour
http://unitsofmeasure.org,U/(2.h),enzyme unit per 2 hour
http://unitsofmeasure.org,U/(24.h),enzyme unit per 24 hour
http://unitsofmeasure.org,U/10*9,enzyme unit per billion
http://unitsofmeasure.org,U/d,enzyme unit per day
http://unitsofmeasure.org,U/dL,enzyme unit per deciliter
http://unitsofmeasure.org,U/g,enzyme unit per gram
http://unitsofmeasure.org,U/g{creat},enzyme unit per gram of creatinine
http://unitsofmeasure.org,U/g{Hb},enzyme unit per gram of hemoglobin
http://unitsofmeasure.org,U/g{protein},enzyme unit per gram of protein
http://unitsofmeasure.org,U/h,enzyme unit per hour
http://unitsofmeasure.org,U/kg{Hb},enzyme unit per kilogram of hemoglobin
http://unitsofmeasure.org,U/L,enzyme unit per liter
http://unitsofmeasure.org,U{25Cel}/L,enzyme unit per liter at 25 deg Celsius
http://unitsofmeasure.org,U{37Cel}/L,enzyme unit per liter at 37 deg Celsius
http://unitsofmeasure.org,U/mL,enzyme unit per milliliter
http://unitsofmeasure.org,U/mL{RBCs},enzyme unit per milliliter of red blood cells
http://unitsofmeasure.org,U/mmol{creat},enzyme unit per millimole of creatinine
http://unitsofmeasure.org,U/10*6,enzyme unit per million
http://unitsofmeasure.org,U/min,enzyme unit per minute
http://unitsofmeasure.org,U/s,enzyme unit per second
http://unitsofmeasure.org,U/10*12,enzyme unit per trillion
http://unitsofmeasure.org,U/10*12{RBCs},enzyme unit per trillion red blood cells
http://unitsofmeasure.org,eq,equivalent
http://unitsofmeasure.org,eq/L,equivalent per liter
http://unitsofmeasure.org,eq/umol,equivalent per micromole
http://unitsofmeasure.org,eq/mL,equivalent per milliliter
http://unitsofmeasure.org,eq/mmol,equivalent per millimole
http://unitsofmeasure.org,erg,erg
http://unitsofmeasure.org,F,Farad
http://unitsofmeasure.org,[ft_us]/[ft_us],feet (US) per feet (US)
http://unitsofmeasure.org,fg,femtogram
http://unitsofmeasure.org,fL,femtoliter
http://unitsofmeasure.org,fm,femtometer
http://unitsofmeasure.org,fmol,femtomole
http://unitsofmeasure.org,fmol/g,femtomole per gram
http://unitsofmeasure.org,fmol/L,femtomole per liter
http://unitsofmeasure.org,fmol/mg,femtomole per milligram
http://unitsofmeasure.org,fmol/mg{cyt_prot},femtomole per milligram of cytosol protein
http://unitsofmeasure.org,fmol/mg{prot},femtomole per milligram of protein
http://unitsofmeasure.org,fmol/mL,femtomole per milliliter
http://unitsofmeasure.org,[foz_us],fluid ounce (US)
http://unitsofmeasure.org,{FIU},fluorescent intensity unit
http://unitsofmeasure.org,[ft_i],foot (international)
http://unitsofmeasure.org,{fraction},fraction
http://unitsofmeasure.org,[Ch],French (catheter gauge)
http://unitsofmeasure.org,{GAA_repeats},GAA trinucleotide repeats
http://unitsofmeasure.org,[gal_us],gallon (US)
http://unitsofmeasure.org,{genomes}/mL,genomes per milliliter
http://unitsofmeasure.org,{Globules}/[HPF],globules (drops)  per high power field
http://unitsofmeasure.org,g,gram
http://unitsofmeasure.org,g.m,gram meter
http://unitsofmeasure.org,g.m/{beat},gram meter per heart beat
http://unitsofmeasure.org,g{creat},gram of creatinine
http://unitsofmeasure.org,g{Hb},gram of hemoglobin
http://unitsofmeasure.org,g{total_nit},gram of total nitrogen
http://unitsofmeasure.org,g{total_prot},gram of total protein
http://unitsofmeasure.org,g{wet_tissue},gram of wet tissue
http://unitsofmeasure.org,g/kg/(8.h),gram per  kilogram per 8 hour
http://unitsofmeasure.org,g/(100.g),gram per 100 gram
http://unitsofmeasure.org,g/(12.h),gram per 12 hour
http://unitsofmeasure.org,g/(24.h),gram per 24 hour
http://unitsofmeasure.org,g/(3.d),gram per 3 days
http://unitsofmeasure.org,g/(4.h),gram per 4 hour
http://unitsofmeasure.org,g/(48.h),gram per 48 hour
http://unitsofmeasure.org,g/(5.h),gram per 5 hour
http://unitsofmeasure.org,g/(6.h),gram per 6 hour
http://unitsofmeasure.org,g/(72.h),gram per 72 hour
http://unitsofmeasure.org,g/(8.h){shift},gram per 8 hour shift
http://unitsofmeasure.org,g/cm3,gram per cubic centimeter
http://unitsofmeasure.org,g/d,gram per day
http://unitsofmeasure.org,g/dL,gram per deciliter
http://unitsofmeasure.org,g/g,gram per gram
http://unitsofmeasure.org,g/g{creat},gram per gram of creatinine
http://unitsofmeasure.org,g/g{globulin},gram per gram of globulin
http://unitsofmeasure.org,g/g{tissue},gram per gram of tissue
http://unitsofmeasure.org,g/h,gram per hour
http://unitsofmeasure.org,g/h/m2,gram per hour per square meter
http://unitsofmeasure.org,g/kg,gram per kilogram
http://unitsofmeasure.org,g/kg/(8.h){shift},gram per kilogram per 8 hour shift
http://unitsofmeasure.org,g/kg/d,gram per kilogram per day
http://unitsofmeasure.org,g/kg/h,gram per kilogram per hour
http://unitsofmeasure.org,g/kg/min,gram per kilogram per minute
http://unitsofmeasure.org,g/L,gram per liter
http://unitsofmeasure.org,g/mg,gram per milligram
http://unitsofmeasure.org,g/mL,gram per milliliter
http://unitsofmeasure.org,g/mmol,gram per millimole
http://unitsofmeasure.org,g/min,gram per minute
http://unitsofmeasure.org,g/mol{creat},gram per mole of creatinine
http://unitsofmeasure.org,g/{specimen},gram per specimen
http://unitsofmeasure.org,g/cm2,gram per square centimeter
http://unitsofmeasure.org,g/m2,gram per square meter
http://unitsofmeasure.org,g/{total_output},gram per total output
http://unitsofmeasure.org,g/{total_weight},gram per total weight
http://unitsofmeasure.org,Gy,Gray
http://unitsofmeasure.org,{beats}/min,heart beats per minute
http://unitsofmeasure.org,H,Henry
http://unitsofmeasure.org,Hz,Hertz
http://unitsofmeasure.org,[HPF],high power field
http://unitsofmeasure.org,h,hour
http://unitsofmeasure.org,h/d,hour per day
http://unitsofmeasure.org,h/wk,hour per week
http://unitsofmeasure.org,[APL'U]/mL,IgA anticardiolipin unit per milliliter**
http://unitsofmeasure.org,[APL'U],IgA anticardiolipin unit**
http://unitsofmeasure.org,{APS'U},IgA antiphosphatidylserine unit
http://unitsofmeasure.org,[GPL'U]/mL,IgG anticardiolipin unit per milliliter**
http://unitsofmeasure.org,[GPL'U],IgG anticardiolipin unit**
http://unitsofmeasure.org,{GPS'U},IgG antiphosphatidylserine unit
http://unitsofmeasure.org,[MPL'U]/mL,IgM anticardiolipin unit per milliliter**
http://unitsofmeasure.org,[MPL'U],IgM anticardiolipin unit**
http://unitsofmeasure.org,{MPS'U},IgM antiphosphatidylserine unit
http://unitsofmeasure.org,{MPS'U}/mL,IgM antiphosphatidylserine unit per milliliter
http://unitsofmeasure.org,{ImmuneComplex'U},immune complex unit
http://unitsofmeasure.org,{ISR},immune status ratio
http://unitsofmeasure.org,{IFA_index},immunofluorescence assay index
http://unitsofmeasure.org,{IFA_titer},Immunofluorescence assay titer
http://unitsofmeasure.org,[in_i],inch (international)
http://unitsofmeasure.org,[in_i'H2O],inch (international) of water
http://unitsofmeasure.org,[in_us],inches (US)
http://unitsofmeasure.org,{index_val},index value
http://unitsofmeasure.org,{index},index value
http://unitsofmeasure.org,{HA_titer},influenza hemagglutination titer
http://unitsofmeasure.org,{INR},international normalized ratio
http://unitsofmeasure.org,[IU],international unit
http://unitsofmeasure.org,[IU]/(2.h),international unit per 2 hour
http://unitsofmeasure.org,[IU]/(24.h),international unit per 24 hour
http://unitsofmeasure.org,[IU]/10*9{RBCs},international unit per billion red blood cells
http://unitsofmeasure.org,[IU]/d,international unit per day
http://unitsofmeasure.org,[IU]/dL,international unit per deciliter
http://unitsofmeasure.org,[IU]/g,international unit per gram
http://unitsofmeasure.org,[IU]/g{Hb},international unit per gram of hemoglobin
http://unitsofmeasure.org,[IU]/h,international unit per hour
http://unitsofmeasure.org,[IU]/kg,international unit per kilogram
http://unitsofmeasure.org,[IU]/kg/d,international unit per kilogram per day
http://unitsofmeasure.org,[IU]/L,international unit per liter
http://unitsofmeasure.org,[IU]/L{37Cel},international unit per liter at 37 degrees Celsius
http://unitsofmeasure.org,[IU]/mg{creat},international unit per milligram of creatinine
http://unitsofmeasure.org,[IU]/mL,international unit per milliliter
http://unitsofmeasure.org,[IU]/min,international unit per minute
http://unitsofmeasure.org,J,joule
http://unitsofmeasure.org,J/L,joule per liter
http://unitsofmeasure.org,{JDF'U},Juvenile Diabetes Foundation unit
http://unitsofmeasure.org,{JDF'U}/L,Juvenile Diabetes Foundation unit per liter
http://unitsofmeasure.org,{KCT'U},kaolin clotting time
http://unitsofmeasure.org,kat,katal
http://unitsofmeasure.org,kat/kg,katal per kilogram
http://unitsofmeasure.org,kat/L,katal per liter
http://unitsofmeasure.org,kU,kilo enzyme unit
http://unitsofmeasure.org,kU/g,kilo enzyme unit per gram
http://unitsofmeasure.org,kU/L,kilo enzyme unit per liter
http://unitsofmeasure.org,kU/L{class},kilo enzyme unit per liter class
http://unitsofmeasure.org,kU/mL,kilo enzyme unit per milliliter
http://unitsofmeasure.org,k[IU]/L,kilo international unit per liter
http://unitsofmeasure.org,k[IU]/mL,kilo international unit per milliliter
http://unitsofmeasure.org,kcal,kilocalorie
http://unitsofmeasure.org,kcal/(24.h),kilocalorie per 24 hour
http://unitsofmeasure.org,kcal/d,kilocalorie per day
http://unitsofmeasure.org,kcal/h,kilocalorie per hour
http://unitsofmeasure.org,kcal/kg/(24.h),kilocalorie per kilogram per 24 hour
http://unitsofmeasure.org,kcal/[oz_av],kilocalorie per ounce (US & British)
http://unitsofmeasure.org,kg,kilogram
http://unitsofmeasure.org,kg.m/s,kilogram meter per second
http://unitsofmeasure.org,kg/m3,kilogram per cubic meter
http://unitsofmeasure.org,kg/h,kilogram per hour
http://unitsofmeasure.org,kg/L,kilogram per liter
http://unitsofmeasure.org,kg/min,kilogram per minute
http://unitsofmeasure.org,kg/mol,kilogram per mole
http://unitsofmeasure.org,kg/s,kilogram per second
http://unitsofmeasure.org,kg/(s.m2),kilogram per second per square meter
http://unitsofmeasure.org,kg/m2,kilogram per square meter
http://unitsofmeasure.org,kL,kiloliter
http://unitsofmeasure.org,km,kilometer
http://unitsofmeasure.org,kPa,kilopascal
http://unitsofmeasure.org,ks,kilosecond
http://unitsofmeasure.org,[ka'U],King Armstrong unit
http://unitsofmeasure.org,{KRONU'U}/mL,Kronus unit per milliliter
http://unitsofmeasure.org,[knk'U],Kunkel unit
http://unitsofmeasure.org,L,liter
http://unitsofmeasure.org,L/(24.h),liter per 24 hour
http://unitsofmeasure.org,L/(8.h),liter per 8 hour
http://unitsofmeasure.org,L/d,liter per day
http://unitsofmeasure.org,L/h,liter per hour
http://unitsofmeasure.org,L/kg,liter per kilogram
http://unitsofmeasure.org,L/L,liter per liter
http://unitsofmeasure.org,L/min,liter per minute
http://unitsofmeasure.org,L/min/m2,liter per minute per sqaure meter
http://unitsofmeasure.org,L/(min.m2),liter per minute per square meter
http://unitsofmeasure.org,L/s,liter per second
http://unitsofmeasure.org,L/s/s2,liter per second per square second
http://unitsofmeasure.org,{Log_copies}/mL,log (base 10) copies per milliliter
http://unitsofmeasure.org,{Log_IU},log (base 10) international unit
http://unitsofmeasure.org,{Log_IU}/mL,log (base 10) international unit per milliliter
http://unitsofmeasure.org,{Log},log base 10
http://unitsofmeasure.org,[LPF],low power field
http://unitsofmeasure.org,lm,lumen
http://unitsofmeasure.org,lm.m2,lumen square meter
http://unitsofmeasure.org,{Lyme_index_value},Lyme index value
http://unitsofmeasure.org,[mclg'U],Maclagan unit
http://unitsofmeasure.org,Ms,megasecond
http://unitsofmeasure.org,[MET].min/wk,metabolic equivalent minute per week
http://unitsofmeasure.org,m,meter
http://unitsofmeasure.org,m/s,meter per second
http://unitsofmeasure.org,m/s2,meter per square second
http://unitsofmeasure.org,t,metric ton
http://unitsofmeasure.org,uU/g,micro enzyme unit per gram
http://unitsofmeasure.org,uU/L,micro enzyme unit per liter
http://unitsofmeasure.org,uU/mL,micro enzyme unit per milliliter
http://unitsofmeasure.org,u[IU],micro international unit
http://unitsofmeasure.org,u[IU]/mL,micro international unit per milliliter
http://unitsofmeasure.org,ueq,microequivalent
http://unitsofmeasure.org,ueq/L,microequivalent per liter
http://unitsofmeasure.org,ueq/mL,microequivalent per milliliter
http://unitsofmeasure.org,ug,microgram
http://unitsofmeasure.org,ug/g{feces},microgram  per gram of feces
http://unitsofmeasure.org,ug{FEU}/mL,microgram fibrinogen equivalent unit per milliliter
http://unitsofmeasure.org,ug/(100.g),microgram per 100 gram
http://unitsofmeasure.org,ug/(24.h),microgram per 24 hour
http://unitsofmeasure.org,ug/(8.h),microgram per 8 hour
http://unitsofmeasure.org,ug/m3,microgram per cubic meter
http://unitsofmeasure.org,ug/d,microgram per day
http://unitsofmeasure.org,ug/dL,microgram per deciliter
http://unitsofmeasure.org,ug/dL{RBCs},microgram per deciliter of red blood cells
http://unitsofmeasure.org,ug/g,microgram per gram
http://unitsofmeasure.org,ug/g{creat},microgram per gram of creatinine
http://unitsofmeasure.org,ug/g{dry_tissue},microgram per gram of dry tissue
http://unitsofmeasure.org,ug/g{dry_wt},microgram per gram of dry weight
http://unitsofmeasure.org,ug/g{hair},microgram per gram of hair
http://unitsofmeasure.org,ug/g{Hb},microgram per gram of hemoglobin
http://unitsofmeasure.org,ug/g{tissue},microgram per gram of tissue
http://unitsofmeasure.org,ug/h,microgram per hour
http://unitsofmeasure.org,ug/kg,microgram per kilogram
http://unitsofmeasure.org,ug/kg/(8.h),microgram per kilogram per 8 hour
http://unitsofmeasure.org,ug/kg/d,microgram per kilogram per day
http://unitsofmeasure.org,ug/kg/h,microgram per kilogram per hour
http://unitsofmeasure.org,ug/kg/min,microgram per kilogram per minute
http://unitsofmeasure.org,ug/L,microgram per liter
http://unitsofmeasure.org,ug/L{RBCs},microgram per liter of red blood cells
http://unitsofmeasure.org,ug/L/(24.h),microgram per liter per 24 hour
http://unitsofmeasure.org,ug/mg,microgram per milligram
http://unitsofmeasure.org,ug/mg{creat},microgram per milligram of creatinine
http://unitsofmeasure.org,ug/mL,microgram per milliliter
http://unitsofmeasure.org,ug/mL{class},microgram per milliliter class
http://unitsofmeasure.org,ug/mL{eqv},microgram per milliliter equivalent
http://unitsofmeasure.org,ug/mmol,microgram per millimole
http://unitsofmeasure.org,ug/mmol{creat},microgram per millimole of creatinine
http://unitsofmeasure.org,ug/min,microgram per minute
http://unitsofmeasure.org,ug/ng,microgram per nanogram
http://unitsofmeasure.org,ug/{specimen},microgram per specimen
http://unitsofmeasure.org,ug/[sft_i],microgram per square foot (international)
http://unitsofmeasure.org,ug/m2,microgram per square meter
http://unitsofmeasure.org,u[IU]/L,microinternational unit per liter
http://unitsofmeasure.org,ukat,microkatal
http://unitsofmeasure.org,uL,microliter
http://unitsofmeasure.org,uL/(2.h),microliter per 2 hour
http://unitsofmeasure.org,uL/h,microliter per hour
http://unitsofmeasure.org,um,micrometer
http://unitsofmeasure.org,umol,micromole
http://unitsofmeasure.org,umol{BCE}/mol,micromole bone collagen equivalent per mole
http://unitsofmeasure.org,umol/(2.h),micromole per 2 hour
http://unitsofmeasure.org,umol/(24.h),micromole per 24 hour
http://unitsofmeasure.org,umol/(8.h),micromole per 8 hour
http://unitsofmeasure.org,umol/d,micromole per day
http://unitsofmeasure.org,umol/dL,micromole per deciliter
http://unitsofmeasure.org,umol/dL{GF},micromole per deciliter of glomerular filtrate
http://unitsofmeasure.org,umol/g,micromole per gram
http://unitsofmeasure.org,umol/g{creat},micromole per gram of creatinine
http://unitsofmeasure.org,umol/g{Hb},micromole per gram of hemoglobin
http://unitsofmeasure.org,umol/h,micromole per hour
http://unitsofmeasure.org,umol/kg,micromole per kilogram
http://unitsofmeasure.org,umol/kg{feces},micromole per kilogram of feces
http://unitsofmeasure.org,umol/L,micromole per liter
http://unitsofmeasure.org,umol/L{RBCs},micromole per liter of red blood cells
http://unitsofmeasure.org,umol/L/h,micromole per liter per hour
http://unitsofmeasure.org,umol/umol,micromole per micromole
http://unitsofmeasure.org,umol/umol{creat},micromole per micromole of creatinine
http://unitsofmeasure.org,umol/mg,micromole per milligram
http://unitsofmeasure.org,umol/mg{creat},micromole per milligram of creatinine
http://unitsofmeasure.org,umol/mL,micromole per milliliter
http://unitsofmeasure.org,umol/mL/min,micromole per milliliter per minute
http://unitsofmeasure.org,umol/mmol,micromole per millimole
http://unitsofmeasure.org,umol/mmol{creat},micromole per millimole of creatinine
http://unitsofmeasure.org,umol/10*6{RBC},micromole per million red blood cell
http://unitsofmeasure.org,umol/min,micromole per minute
http://unitsofmeasure.org,umol/min/g,micromole per minute per gram
http://unitsofmeasure.org,umol/min/g{mucosa},micromole per minute per gram of mucosa
http://unitsofmeasure.org,umol/min/g{prot},micromole per minute per gram of protein
http://unitsofmeasure.org,umol/min/L,micromole per minute per liter
http://unitsofmeasure.org,umol/mol,micromole per mole
http://unitsofmeasure.org,umol/mol{creat},micromole per mole of creatinine
http://unitsofmeasure.org,umol/mol{Hb},micromole per mole of hemoglobin
http://unitsofmeasure.org,um/s,microns per second
http://unitsofmeasure.org,uOhm,microOhm
http://unitsofmeasure.org,us,microsecond
http://unitsofmeasure.org,uV,microvolt
http://unitsofmeasure.org,[mi_i],mile (international)
http://unitsofmeasure.org,mU/g,milli  enzyme unit per gram
http://unitsofmeasure.org,mU/mL,milli  enzyme unit per milliliter
http://unitsofmeasure.org,mU/mL/min,milli  enzyme unit per milliliter per minute
http://unitsofmeasure.org,mU/mmol{creat},milli  enzyme unit per millimole of creatinine
http://unitsofmeasure.org,mU/mmol{RBCs},milli  enzyme unit per millimole of red blood cells
http://unitsofmeasure.org,m[IU]/mL,milli  international unit per milliliter
http://unitsofmeasure.org,mU/g{Hb},milli enzyme unit per gram of hemoglobin
http://unitsofmeasure.org,mU/g{prot},milli enzyme unit per gram of protein
http://unitsofmeasure.org,mU/L,milli enzyme unit per liter
http://unitsofmeasure.org,mU/mg,milli enzyme unit per milligram
http://unitsofmeasure.org,mU/mg{creat},milli enzyme unit per milligram of creatinine
http://unitsofmeasure.org,m[IU]/L,milli international unit per liter
http://unitsofmeasure.org,mA,milliampere
http://unitsofmeasure.org,mbar,millibar
http://unitsofmeasure.org,mbar/L/s,millibar per liter per second
http://unitsofmeasure.org,mbar.s/L,millibar second per liter
http://unitsofmeasure.org,meq,milliequivalent
http://unitsofmeasure.org,meq/(2.h),milliequivalent per 2 hour
http://unitsofmeasure.org,meq/(24.h),milliequivalent per 24 hour
http://unitsofmeasure.org,meq/(8.h),milliequivalent per 8 hour
http://unitsofmeasure.org,meq/d,milliequivalent per day
http://unitsofmeasure.org,meq/dL,milliequivalent per deciliter
http://unitsofmeasure.org,meq/g,milliequivalent per gram
http://unitsofmeasure.org,meq/g{creat},milliequivalent per gram of creatinine
http://unitsofmeasure.org,meq/h,milliequivalent per hour
http://unitsofmeasure.org,meq/kg,milliequivalent per kilogram
http://unitsofmeasure.org,meq/kg/h,milliequivalent per kilogram per hour
http://unitsofmeasure.org,meq/L,milliequivalent per liter
http://unitsofmeasure.org,meq/mL,milliequivalent per milliliter
http://unitsofmeasure.org,meq/min,milliequivalent per minute
http://unitsofmeasure.org,meq/{specimen},milliequivalent per specimen
http://unitsofmeasure.org,meq/m2,milliequivalent per square meter
http://unitsofmeasure.org,meq/{total_volume},milliequivalent per total volume
http://unitsofmeasure.org,mg,milligram
http://unitsofmeasure.org,mg{FEU}/L,milligram fibrinogen equivalent unit per liter
http://unitsofmeasure.org,mg/(10.h),milligram per 10 hour
http://unitsofmeasure.org,mg/(12.h),milligram per 12 hour
http://unitsofmeasure.org,mg/(2.h),milligram per 2 hour
http://unitsofmeasure.org,mg/(24.h),milligram per 24 hour
http://unitsofmeasure.org,mg/(6.h),milligram per 6 hour
http://unitsofmeasure.org,mg/(72.h),milligram per 72 hour
http://unitsofmeasure.org,mg/(8.h),milligram per 8 hour
http://unitsofmeasure.org,mg/{collection},milligram per collection
http://unitsofmeasure.org,mg/m3,milligram per cubic meter
http://unitsofmeasure.org,mg/d,milligram per day
http://unitsofmeasure.org,mg/d/{1.73_m2},milligram per day per 1.73 square meter
http://unitsofmeasure.org,mg/dL,milligram per deciliter
http://unitsofmeasure.org,mg/dL{RBCs},milligram per deciliter of red blood cells
http://unitsofmeasure.org,mg/g,milligram per gram
http://unitsofmeasure.org,mg/g{creat},milligram per gram of creatinine
http://unitsofmeasure.org,mg/g{dry_tissue},milligram per gram of dry tissue
http://unitsofmeasure.org,mg/g{feces},milligram per gram of feces
http://unitsofmeasure.org,mg/g{tissue},milligram per gram of tissue
http://unitsofmeasure.org,mg/g{wet_tissue},milligram per gram of wet tissue
http://unitsofmeasure.org,mg/h,milligram per hour
http://unitsofmeasure.org,mg/kg,milligram per kilogram
http://unitsofmeasure.org,mg/kg/(8.h),milligram per kilogram per 8 hour
http://unitsofmeasure.org,mg/kg/d,milligram per kilogram per day
http://unitsofmeasure.org,mg/kg/h,milligram per kilogram per hour
http://unitsofmeasure.org,mg/kg/min,milligram per kilogram per minute
http://unitsofmeasure.org,mg/L,milligram per liter
http://unitsofmeasure.org,mg/L{RBCs},milligram per liter of red blood cells
http://unitsofmeasure.org,mg/mg,milligram per milligram
http://unitsofmeasure.org,mg/mg{creat},milligram per milligram of creatinine
http://unitsofmeasure.org,mg/mL,milligram per milliliter
http://unitsofmeasure.org,mg/mmol,milligram per millimole
http://unitsofmeasure.org,mg/mmol{creat},milligram per millimole of creatinine
http://unitsofmeasure.org,mg/min,milligram per minute
http://unitsofmeasure.org,mg/{specimen},milligram per specimen
http://unitsofmeasure.org,mg/m2,milligram per square meter
http://unitsofmeasure.org,mg/{total_output},milligram per total output
http://unitsofmeasure.org,mg/{total_volume},milligram per total volume
http://unitsofmeasure.org,mg/wk,milligram per week
http://unitsofmeasure.org,mL,milliliter
http://unitsofmeasure.org,mL{fetal_RBCs},milliliter of fetal red blood cells
http://unitsofmeasure.org,mL/(10.h),milliliter per 10 hour
http://unitsofmeasure.org,mL/(12.h),milliliter per 12 hour
http://unitsofmeasure.org,mL/(2.h),milliliter per 2 hour
http://unitsofmeasure.org,mL/(24.h),milliliter per 24 hour
http://unitsofmeasure.org,mL/(4.h),milliliter per 4 hour
http://unitsofmeasure.org,mL/(5.h),milliliter per 5 hour
http://unitsofmeasure.org,mL/(6.h),milliliter per 6 hour
http://unitsofmeasure.org,mL/(72.h),milliliter per 72 hour
http://unitsofmeasure.org,mL/(8.h),milliliter per 8 hour
http://unitsofmeasure.org,mL/(8.h)/kg,milliliter per 8 hour per kilogram
http://unitsofmeasure.org,mL/cm[H2O],milliliter per centimeter of water
http://unitsofmeasure.org,mL/d,milliliter per day
http://unitsofmeasure.org,mL/dL,milliliter per deciliter
http://unitsofmeasure.org,mL/{beat},milliliter per heart beat
http://unitsofmeasure.org,mL/{beat}/m2,milliliter per heart beat per  square meter
http://unitsofmeasure.org,mL/h,milliliter per hour
http://unitsofmeasure.org,mL/kg,milliliter per kilogram
http://unitsofmeasure.org,mL/kg/(8.h),milliliter per kilogram per 8 hour
http://unitsofmeasure.org,mL/kg/d,milliliter per kilogram per day
http://unitsofmeasure.org,mL/kg/h,milliliter per kilogram per hour
http://unitsofmeasure.org,mL/kg/min,milliliter per kilogram per minute
http://unitsofmeasure.org,mL/mbar,milliliter per millibar
http://unitsofmeasure.org,mL/mm,milliliter per millimeter
http://unitsofmeasure.org,mL/min,milliliter per minute
http://unitsofmeasure.org,mL/min/{1.73_m2},milliliter per minute per 1.73 square meter
http://unitsofmeasure.org,mL/min/m2,milliliter per minute per square meter
http://unitsofmeasure.org,mL/s,milliliter per second
http://unitsofmeasure.org,mL/[sin_i],milliliter per square inch (international)
http://unitsofmeasure.org,mL/m2,milliliter per square meter
http://unitsofmeasure.org,mm,millimeter
http://unitsofmeasure.org,mm[Hg],millimeter of mercury
http://unitsofmeasure.org,mm[H2O],millimeter of water
http://unitsofmeasure.org,mm/h,millimeter per hour
http://unitsofmeasure.org,mm/min,millimeter per minute
http://unitsofmeasure.org,mmol,millimole
http://unitsofmeasure.org,mmol/(12.h),millimole per 12 hour
http://unitsofmeasure.org,mmol/(2.h),millimole per 2 hour
http://unitsofmeasure.org,mmol/(24.h),millimole per 24 hour
http://unitsofmeasure.org,mmol/(5.h),millimole per 5 hour
http://unitsofmeasure.org,mmol/(6.h),millimole per 6 hour
http://unitsofmeasure.org,mmol/(8.h),millimole per 8 hour
http://unitsofmeasure.org,mmol/d,millimole per day
http://unitsofmeasure.org,mmol/dL,millimole per deciliter
http://unitsofmeasure.org,mmol/{ejaculate},millimole per ejaculate
http://unitsofmeasure.org,mmol/g,millimole per gram
http://unitsofmeasure.org,mmol/g{creat},millimole per gram of creatinine
http://unitsofmeasure.org,mmol/h,millimole per hour
http://unitsofmeasure.org,mmol/h/mg{Hb},millimole per hour per milligram of hemoglobin
http://unitsofmeasure.org,mmol/h/mg{prot},millimole per hour per milligram of protein
http://unitsofmeasure.org,mmol/kg,millimole per kilogram
http://unitsofmeasure.org,mmol/kg/(8.h),millimole per kilogram per 8 hour
http://unitsofmeasure.org,mmol/kg/d,millimole per kilogram per day
http://unitsofmeasure.org,mmol/kg/h,millimole per kilogram per hour
http://unitsofmeasure.org,mmol/kg/min,millimole per kilogram per minute
http://unitsofmeasure.org,mmol/L,millimole per liter
http://unitsofmeasure.org,mmol/L{RBCs},millimole per liter of red blood cells
http://unitsofmeasure.org,mmol/mmol,millimole per millimole
http://unitsofmeasure.org,mmol/mmol{urea},millimole per millimole of urea
http://unitsofmeasure.org,mmol/mmol{creat},millimole per millmole of creatinine
http://unitsofmeasure.org,mmol/min,millimole per minute
http://unitsofmeasure.org,mmol/mol,millimole per mole
http://unitsofmeasure.org,mmol/mol{creat},millimole per mole of creatinine
http://unitsofmeasure.org,mmol/s/L,millimole per second per liter
http://unitsofmeasure.org,mmol/{specimen},millimole per specimen
http://unitsofmeasure.org,mmol/m2,millimole per square meter
http://unitsofmeasure.org,mmol/{total_vol},millimole per total volume
http://unitsofmeasure.org,10*6,million
http://unitsofmeasure.org,10*6.[CFU]/L,million colony forming unit per liter
http://unitsofmeasure.org,10*6.[IU],million international unit
http://unitsofmeasure.org,10*6/(24.h),million per 24 hour
http://unitsofmeasure.org,10*6/kg,million per kilogram
http://unitsofmeasure.org,10*6/L,million per liter
http://unitsofmeasure.org,10*6/uL,million per microliter
http://unitsofmeasure.org,10*6/mL,million per milliliter
http://unitsofmeasure.org,mosm,milliosmole
http://unitsofmeasure.org,mosm/kg,milliosmole per kilogram
http://unitsofmeasure.org,mosm/L,milliosmole per liter
http://unitsofmeasure.org,mPa,millipascal
http://unitsofmeasure.org,mPa.s,millipascal second
http://unitsofmeasure.org,ms,millisecond
http://unitsofmeasure.org,mV,millivolt
http://unitsofmeasure.org,mV/s,millivolt per second
http://unitsofmeasure.org,{minidrop}/min,minidrop per minute
http://unitsofmeasure.org,{minidrop}/s,minidrop per second
http://unitsofmeasure.org,min,minute
http://unitsofmeasure.org,min/d,minute per day
http://unitsofmeasure.org,min/wk,minute per week
http://unitsofmeasure.org,mol,mole
http://unitsofmeasure.org,mol/m3,mole per cubic meter
http://unitsofmeasure.org,mol/kg,mole per kilogram
http://unitsofmeasure.org,mol/kg/s,mole per kilogram per second
http://unitsofmeasure.org,mol/L,mole per liter
http://unitsofmeasure.org,mol/mL,mole per milliliter
http://unitsofmeasure.org,mol/mol,mole per mole
http://unitsofmeasure.org,mol/s,mole per second
http://unitsofmeasure.org,{#}/{platelet},molecule per platelet
http://unitsofmeasure.org,mo,month
http://unitsofmeasure.org,{mm/dd/yyyy},month-day-year
http://unitsofmeasure.org,{M.o.M},multiple of the median
http://unitsofmeasure.org,{mutation},mutation
http://unitsofmeasure.org,nU/mL,nanoenzyme unit per milliliter
http://unitsofmeasure.org,nU/{RBC},nanoenzyme unit per red blood cell
http://unitsofmeasure.org,ng,nanogram
http://unitsofmeasure.org,ng{FEU}/mL,nanogram fibrinogen equivalent unit per milliliter
http://unitsofmeasure.org,ng/(24.h),nanogram per 24 hour
http://unitsofmeasure.org,ng/(8.h),nanogram per 8 hour
http://unitsofmeasure.org,ng/d,nanogram per day
http://unitsofmeasure.org,ng/dL,nanogram per deciliter
http://unitsofmeasure.org,ng/U,nanogram per enzyme unit
http://unitsofmeasure.org,ng/g,nanogram per gram
http://unitsofmeasure.org,ng/g{creat},nanogram per gram of creatinine
http://unitsofmeasure.org,ng/h,nanogram per hour
http://unitsofmeasure.org,ng/kg,nanogram per kilogram
http://unitsofmeasure.org,ng/kg/(8.h),nanogram per kilogram per 8 hour
http://unitsofmeasure.org,ng/kg/h,nanogram per kilogram per hour
http://unitsofmeasure.org,ng/kg/min,nanogram per kilogram per minute
http://unitsofmeasure.org,ng/L,nanogram per liter
http://unitsofmeasure.org,ng/mg,nanogram per milligram
http://unitsofmeasure.org,ng/mg{creat},nanogram per milligram of creatinine
http://unitsofmeasure.org,ng/mg{prot},nanogram per milligram of protein
http://unitsofmeasure.org,ng/mg/h,nanogram per milligram per hour
http://unitsofmeasure.org,ng/mL{RBCs},nanogram per milliliter of red blood cells
http://unitsofmeasure.org,ng/mL/h,nanogram per milliliter per hour
http://unitsofmeasure.org,ng/10*6,nanogram per million
http://unitsofmeasure.org,ng/10*6{RBCs},nanogram per million red blood cells
http://unitsofmeasure.org,ng/mL,nanogram per millliiter
http://unitsofmeasure.org,ng/min,nanogram per minute
http://unitsofmeasure.org,ng/s,nanogram per second
http://unitsofmeasure.org,ng/m2,nanogram per square meter
http://unitsofmeasure.org,nkat,nanokatal
http://unitsofmeasure.org,nL,nanoliter
http://unitsofmeasure.org,nm,nanometer
http://unitsofmeasure.org,nm/s/L,nanometer per second per liter
http://unitsofmeasure.org,nmol,nanomole
http://unitsofmeasure.org,nmol{BCE},nanomole bone collagen equivalent
http://unitsofmeasure.org,nmol{BCE}/L,nanomole bone collagen equivalent per liter
http://unitsofmeasure.org,nmol/mmol{creat},nanomole bone collagen equivalent per millimole of creatinine
http://unitsofmeasure.org,nmol/mg{prot},nanomole of 1/2 cystine per milligram of protein
http://unitsofmeasure.org,nmol{ATP},nanomole of ATP
http://unitsofmeasure.org,nmol/(24.h),nanomole per 24 hour
http://unitsofmeasure.org,nmol/d,nanomole per day
http://unitsofmeasure.org,nmol/dL,nanomole per deciliter
http://unitsofmeasure.org,nmol/dL{GF},nanomole per deciliter of glomerular filtrate
http://unitsofmeasure.org,nmol/g,nanomole per gram
http://unitsofmeasure.org,nmol/g{creat},nanomole per gram of creatinine
http://unitsofmeasure.org,nmol/g{dry_wt},nanomole per gram of dry weight
http://unitsofmeasure.org,nmol/h/L,nanomole per hour per liter
http://unitsofmeasure.org,nmol/h/mg{prot},nanomole per hour per milligram of protein
http://unitsofmeasure.org,nmol/h/mL,nanomole per hour per milliliter
http://unitsofmeasure.org,nmol/L,nanomole per liter
http://unitsofmeasure.org,nmol/L{RBCs},nanomole per liter of red blood cells
http://unitsofmeasure.org,nmol/L/mmol{creat},nanomole per liter per millimole of creatinine
http://unitsofmeasure.org,nmol/m/mg{prot},nanomole per meter per milligram of protein
http://unitsofmeasure.org,nmol/umol{creat},nanomole per micromole  of creatinine
http://unitsofmeasure.org,nmol/mg,nanomole per milligram
http://unitsofmeasure.org,nmol/mg{creat},nanomole per milligram of creatinine
http://unitsofmeasure.org,nmol/mg{prot},nanomole per milligram of protein
http://unitsofmeasure.org,nmol/mg{prot}/h,nanomole per milligram of protein per hour
http://unitsofmeasure.org,nmol/mg/h,nanomole per milligram per hour
http://unitsofmeasure.org,nmol/mL,nanomole per milliliter
http://unitsofmeasure.org,nmol/mL/h,nanomole per milliliter per hour
http://unitsofmeasure.org,nmol/mL/min,nanomole per milliliter per minute
http://unitsofmeasure.org,nmol/mmol,nanomole per millimole
http://unitsofmeasure.org,nmol/mmol{creat},nanomole per millimole of creatinine
http://unitsofmeasure.org,nmol/min,nanomole per minute
http://unitsofmeasure.org,nmol/min/mg{Hb},nanomole per minute per milligram of hemoglobin
http://unitsofmeasure.org,nmol/min/mg{prot},nanomole per minute per milligram of protein
http://unitsofmeasure.org,nmol/min/mg{protein},nanomole per minute per milligram protein
http://unitsofmeasure.org,nmol/min/mL,nanomole per minute per milliliter
http://unitsofmeasure.org,nmol/min/10*6{cells},nanomole per minute per million cells
http://unitsofmeasure.org,nmol/mol,nanomole per mole
http://unitsofmeasure.org,nmol/mol{creat},nanomole per mole creatinine
http://unitsofmeasure.org,nmol/nmol,nanomole per nanomole
http://unitsofmeasure.org,nmol/s,nanomole per second
http://unitsofmeasure.org,nmol/s/L,nanomole per second per liter
http://unitsofmeasure.org,ns,nanosecond
http://unitsofmeasure.org,N,Newton
http://unitsofmeasure.org,N.cm,Newton centimeter
http://unitsofmeasure.org,N.s,Newton second
http://unitsofmeasure.org,{#},number
http://unitsofmeasure.org,{#}/a,number per annum (year)
http://unitsofmeasure.org,{#}/d,number per day
http://unitsofmeasure.org,{#}/g,number per gram
http://unitsofmeasure.org,{#}/[HPF],number per high power field
http://unitsofmeasure.org,{#}/L,number per liter
http://unitsofmeasure.org,{#}/[LPF],number per low power field
http://unitsofmeasure.org,{#}/uL,number per microliter
http://unitsofmeasure.org,{#}/mL,number per milliliter
http://unitsofmeasure.org,{#}/min,number per minute
http://unitsofmeasure.org,{#}/wk,number per week
http://unitsofmeasure.org,Ohm,Ohm
http://unitsofmeasure.org,Ohm.m,Ohm meter
http://unitsofmeasure.org,10*5,one hundred thousand
http://unitsofmeasure.org,{OD_unit},optical density unit
http://unitsofmeasure.org,osm,osmole
http://unitsofmeasure.org,osm/kg,osmole per kilogram
http://unitsofmeasure.org,osm/L,osmole per liter
http://unitsofmeasure.org,[oz_av],ounce (US and British)
http://unitsofmeasure.org,{Pan_Bio'U},panbio unit
http://unitsofmeasure.org,[ppb],part per billion
http://unitsofmeasure.org,[ppm],part per million
http://unitsofmeasure.org,[ppm]{v/v},part per million in volume per volume
http://unitsofmeasure.org,[ppth],part per thousand
http://unitsofmeasure.org,[pptr],part per trillion
http://unitsofmeasure.org,Pa,Pascal
http://unitsofmeasure.org,/10*10,per 10 billion
http://unitsofmeasure.org,/10*4{RBCs},per 10 thousand red blood cells
http://unitsofmeasure.org,/100,per 100
http://unitsofmeasure.org,/100{cells},per 100 cells
http://unitsofmeasure.org,/100{neutrophils},per 100 neutrophils
http://unitsofmeasure.org,/100{spermatozoa},per 100 spermatozoa
http://unitsofmeasure.org,/100{WBCs},per 100 white blood cells
http://unitsofmeasure.org,/[arb'U],per arbitrary unit
http://unitsofmeasure.org,/10*9,per billion
http://unitsofmeasure.org,/cm[H2O],per centimeter of water
http://unitsofmeasure.org,/m3,per cubic meter
http://unitsofmeasure.org,/d,per day
http://unitsofmeasure.org,/dL,per deciliter
http://unitsofmeasure.org,/{entity},per entity
http://unitsofmeasure.org,/U,per enzyme unit
http://unitsofmeasure.org,/g,per gram
http://unitsofmeasure.org,/g{creat},per gram of creatinine
http://unitsofmeasure.org,/g{Hb},per gram of hemoglobin
http://unitsofmeasure.org,/g{tot_nit},per gram of total nitrogen
http://unitsofmeasure.org,/g{tot_prot},per gram of total protein
http://unitsofmeasure.org,/g{wet_tis},per gram of wet tissue
http://unitsofmeasure.org,/[HPF],per high power field
http://unitsofmeasure.org,/h,per hour
http://unitsofmeasure.org,/[IU],per international unit
http://unitsofmeasure.org,/kg,per kilogram
http://unitsofmeasure.org,/kg{body_wt},per kilogram of body weight
http://unitsofmeasure.org,/L,per liter
http://unitsofmeasure.org,/[LPF],per low power field
http://unitsofmeasure.org,/uL,per microliter
http://unitsofmeasure.org,/mg,per milligram
http://unitsofmeasure.org,/mL,per milliliter
http://unitsofmeasure.org,/mm,per millimeter
http://unitsofmeasure.org,/mmol{creat},per millimole of creatinine
http://unitsofmeasure.org,/10*6,per million
http://unitsofmeasure.org,/min,per minute
http://unitsofmeasure.org,/mo,per month
http://unitsofmeasure.org,/{OIF},per oil immersion field
http://unitsofmeasure.org,/s,per second
http://unitsofmeasure.org,/m2,per square meter
http://unitsofmeasure.org,/10*3,per thousand
http://unitsofmeasure.org,/10*3{RBCs},per thousand red blood cells
http://unitsofmeasure.org,/10*12,per trillion
http://unitsofmeasure.org,/10*12{RBCs},per trillion red blood cells
http://unitsofmeasure.org,/(12.h),per twelve hour
http://unitsofmeasure.org,/wk,per week
http://unitsofmeasure.org,/a,per year
http://unitsofmeasure.org,%,percent
http://unitsofmeasure.org,%{loss_AChR},percent  loss of acetylcholine receptor
http://unitsofmeasure.org,%{penetration},percent  penetration
http://unitsofmeasure.org,%{abnormal},percent abnormal
http://unitsofmeasure.org,%{activity},percent activity
http://unitsofmeasure.org,%{aggregation},percent aggregation
http://unitsofmeasure.org,%{at_60_min},percent at 60 minute
http://unitsofmeasure.org,%{basal_activity},percent basal activity
http://unitsofmeasure.org,%{binding},percent binding
http://unitsofmeasure.org,%{blockade},percent blockade
http://unitsofmeasure.org,%{blocked},percent blocked
http://unitsofmeasure.org,%{bound},percent bound
http://unitsofmeasure.org,%{breakdown},percent breakdown
http://unitsofmeasure.org,%{vol},percent by volume
http://unitsofmeasure.org,%{deficient},percent deficient
http://unitsofmeasure.org,%{dose},percent dose
http://unitsofmeasure.org,%{excretion},percent excretion
http://unitsofmeasure.org,%{Hb},percent hemoglobin
http://unitsofmeasure.org,%{hemolysis},percent hemolysis
http://unitsofmeasure.org,%{index},percent index
http://unitsofmeasure.org,%{inhibition},percent inhibition
http://unitsofmeasure.org,%{loss},percent loss
http://unitsofmeasure.org,%{lysis},percent lysis
http://unitsofmeasure.org,%{normal},percent normal
http://unitsofmeasure.org,%{pooled_plasma},percent normal pooled plasma
http://unitsofmeasure.org,%{bacteria},percent of bacteria
http://unitsofmeasure.org,%{baseline},percent of baseline
http://unitsofmeasure.org,%{cells},percent of cells
http://unitsofmeasure.org,%{RBCs},percent of red blood cells
http://unitsofmeasure.org,%{WBCs},percent of white blood cells
http://unitsofmeasure.org,%{positive},percent positive
http://unitsofmeasure.org,%{reactive},percent reactive
http://unitsofmeasure.org,%{recovery},percent recovery
http://unitsofmeasure.org,%{reference},percent reference
http://unitsofmeasure.org,%{residual},percent residual
http://unitsofmeasure.org,%{response},percent response
http://unitsofmeasure.org,%{saturation},percent saturation
http://unitsofmeasure.org,%{total},percent total
http://unitsofmeasure.org,%{uptake},percent uptake
http://unitsofmeasure.org,%{viable},percent viable
http://unitsofmeasure.org,{percentile},percentile
http://unitsofmeasure.org,[pH],pH
http://unitsofmeasure.org,{phenotype},phenotype
http://unitsofmeasure.org,pA,picoampere
http://unitsofmeasure.org,pg,picogram
http://unitsofmeasure.org,pg/{cell},picogram per cell
http://unitsofmeasure.org,pg/dL,picogram per deciliter
http://unitsofmeasure.org,pg/L,picogram per liter
http://unitsofmeasure.org,pg/mg,picogram per milligram
http://unitsofmeasure.org,pg/mg{creat},picogram per milligram of creatinine
http://unitsofmeasure.org,pg/mL,picogram per milliliter
http://unitsofmeasure.org,pg/mL{sLT},picogram per milliliter sulfidoleukotrienes
http://unitsofmeasure.org,pg/mm,picogram per millimeter
http://unitsofmeasure.org,pg/{RBC},picogram per red blood cell
http://unitsofmeasure.org,pkat,picokatal
http://unitsofmeasure.org,pL,picoliter
http://unitsofmeasure.org,pm,picometer
http://unitsofmeasure.org,pmol,picomole
http://unitsofmeasure.org,pmol/(24.h),picomole per 24 hour
http://unitsofmeasure.org,pmol/d,picomole per day
http://unitsofmeasure.org,pmol/dL,picomole per deciliter
http://unitsofmeasure.org,pmol/g,picomole per gram
http://unitsofmeasure.org,pmol/h/mg{prot},picomole per hour per milligram of protein
http://unitsofmeasure.org,pmol/H/mg{protein},picomole per hour per milligram protein
http://unitsofmeasure.org,pmol/h/mL,picomole per hour per milliliter
http://unitsofmeasure.org,pmol/L,picomole per liter
http://unitsofmeasure.org,pmol/umol,picomole per micromole
http://unitsofmeasure.org,pmol/umol{creat},picomole per micromole of creatinine
http://unitsofmeasure.org,pmol/mg{prot},picomole per milligram of protein
http://unitsofmeasure.org,pmol/mL,picomole per milliliter
http://unitsofmeasure.org,pmol/mmol{creat},picomole per millimole of creatinine
http://unitsofmeasure.org,pmol/min,picomole per minute
http://unitsofmeasure.org,pmol/min/mg{prot},picomole per minute per milligram of protein
http://unitsofmeasure.org,pmol/{RBC},picomole per red blood cell
http://unitsofmeasure.org,ps,picosecond
http://unitsofmeasure.org,pT,picotesla
http://unitsofmeasure.org,[pt_us],pint (US)
http://unitsofmeasure.org,[lb_av],pound (US and British)
http://unitsofmeasure.org,[psi],pound per square inch
http://unitsofmeasure.org,[qt_us],quart (US)
http://unitsofmeasure.org,{ratio},ratio
http://unitsofmeasure.org,{RBC}/uL,red blood cell per microliter
http://unitsofmeasure.org,%{relative},relative percent
http://unitsofmeasure.org,{rel_saturation},relative saturation
http://unitsofmeasure.org,{risk},risk
http://unitsofmeasure.org,{Rubella_virus},rubella virus
http://unitsofmeasure.org,{saturation},saturation
http://unitsofmeasure.org,{score},score
http://unitsofmeasure.org,s,second
http://unitsofmeasure.org,s/{control},second per control
http://unitsofmeasure.org,{shift},shift
http://unitsofmeasure.org,S,Siemens
http://unitsofmeasure.org,Sv,Sievert
http://unitsofmeasure.org,{s_co_ratio},signal to cutoff ratio
http://unitsofmeasure.org,{spermatozoa}/mL,spermatozoa per milliliter
http://unitsofmeasure.org,cm2,square centimeter
http://unitsofmeasure.org,cm2/s,square centimeter per second
http://unitsofmeasure.org,dm2/s2,square decimeter per square second
http://unitsofmeasure.org,[sft_i],square foot (international)
http://unitsofmeasure.org,[sin_i],square inch (international)
http://unitsofmeasure.org,m2,square meter
http://unitsofmeasure.org,m2/s,square meter per second
http://unitsofmeasure.org,mm2,square millimeter
http://unitsofmeasure.org,[syd_i],square yard (international)
http://unitsofmeasure.org,{STDV},standard deviation
http://unitsofmeasure.org,{Tscore},t score
http://unitsofmeasure.org,[tbs_us],tablespoon (US)
http://unitsofmeasure.org,[tsp_us],teaspoon (US)
http://unitsofmeasure.org,T,Tesla
http://unitsofmeasure.org,10*3,thousand
http://unitsofmeasure.org,10*3{copies}/mL,thousand copies per milliliter
http://unitsofmeasure.org,10*3/L,thousand per liter
http://unitsofmeasure.org,10*3/uL,thousand per microliter
http://unitsofmeasure.org,10*3/mL,thousand per milliliter
http://unitsofmeasure.org,10*3{RBCs},thousand red blood cells
http://unitsofmeasure.org,{TSI_index},thyroid-stimulating immunoglobulin index
http://unitsofmeasure.org,{TmStp},time stamp
http://unitsofmeasure.org,{titer},titer
http://unitsofmeasure.org,[todd'U],Todd unit
http://unitsofmeasure.org,Torr,Torr
http://unitsofmeasure.org,10*12/L,trillion per liter
http://unitsofmeasure.org,[oz_tr],Troy ounce
http://unitsofmeasure.org,[tb'U],tuberculin unit
http://unitsofmeasure.org,V,volt
http://unitsofmeasure.org,Wb,Weber
http://unitsofmeasure.org,wk,week
http://unitsofmeasure.org,{WBCs},white blood cells
http://unitsofmeasure.org,[yd_i],yard (international)
http://unitsofmeasure.org,a,year
http://unitsofmeasure.org,{yyyy},year
http://unitsofmeasure.org,{Zscore},z score
http://unitsofmeasure.org,mCi,milliCurie